name,email,password
Bruno Henrique Lima 1,user1@email.com,123456
Carla Mendes Rocha 2,user2@email.com,123456
Daniel Ferreira Alves 3,user3@email.com,123456
Eduarda Pacheco Nunes 4,user4@email.com,123456
Felipe Costa Martins 5,user5@email.com,123456
Gabriela Teixeira Silva 6,user6@email.com,123456
Henrique Barbosa Torres 7,user7@email.com,123456
Isabela Moreira Farias 8,user8@email.com,123456
Lucas Ribeiro Guedes 9,user9@email.com,123456
Ana Paula Souza 10,user10@email.com,123456
Bruno Henrique Lima 11,user11@email.com,123456
Carla Mendes Rocha 12,user12@email.com,123456
Daniel Ferreira Alves 13,user13@email.com,123456
Eduarda Pacheco Nunes 14,user14@email.com,123456
Felipe Costa Martins 15,user15@email.com,123456
Gabriela Teixeira Silva 16,user16@email.com,123456
Henrique Barbosa Torres 17,user17@email.com,123456
Isabela Moreira Farias 18,user18@email.com,123456
Lucas Ribeiro Guedes 19,user19@email.com,123456
Ana Paula Souza 20,user20@email.com,123456
Bruno Henrique Lima 21,user21@email.com,123456
Carla Mendes Rocha 22,user22@email.com,123456
Daniel Ferreira Alves 23,user23@email.com,123456
Eduarda Pacheco Nunes 24,user24@email.com,123456
Felipe Costa Martins 25,user25@email.com,123456
Gabriela Teixeira Silva 26,user26@email.com,123456
Henrique Barbosa Torres 27,user27@email.com,123456
Isabela Moreira Farias 28,user28@email.com,123456
Lucas Ribeiro Guedes 29,user29@email.com,123456
Ana Paula Souza 30,user30@email.com,123456
Bruno Henrique Lima 31,user31@email.com,123456
Carla Mendes Rocha 32,user32@email.com,123456
Daniel Ferreira Alves 33,user33@email.com,123456
Eduarda Pacheco Nunes 34,user34@email.com,123456
Felipe Costa Martins 35,user35@email.com,123456
Gabriela Teixeira Silva 36,user36@email.com,123456
Henrique Barbosa Torres 37,user37@email.com,123456
Isabela Moreira Farias 38,user38@email.com,123456
Lucas Ribeiro Guedes 39,user39@email.com,123456
Ana Paula Souza 40,user40@email.com,123456
Bruno Henrique Lima 41,user41@email.com,123456
Carla Mendes Rocha 42,user42@email.com,123456
Daniel Ferreira Alves 43,user43@email.com,123456
Eduarda Pacheco Nunes 44,user44@email.com,123456
Felipe Costa Martins 45,user45@email.com,123456
Gabriela Teixeira Silva 46,user46@email.com,123456
Henrique Barbosa Torres 47,user47@email.com,123456
Isabela Moreira Farias 48,user48@email.com,123456
Lucas Ribeiro Guedes 49,user49@email.com,123456
Ana Paula Souza 50,user50@email.com,123456
Bruno Henrique Lima 51,user51@email.com,123456
Carla Mendes Rocha 52,user52@email.com,123456
Daniel Ferreira Alves 53,user53@email.com,123456
Eduarda Pacheco Nunes 54,user54@email.com,123456
Felipe Costa Martins 55,user55@email.com,123456
Gabriela Teixeira Silva 56,user56@email.com,123456
Henrique Barbosa Torres 57,user57@email.com,123456
Isabela Moreira Farias 58,user58@email.com,123456
Lucas Ribeiro Guedes 59,user59@email.com,123456
Ana Paula Souza 60,user60@email.com,123456
Bruno Henrique Lima 61,user61@email.com,123456
Carla Mendes Rocha 62,user62@email.com,123456
Daniel Ferreira Alves 63,user63@email.com,123456
Eduarda Pacheco Nunes 64,user64@email.com,123456
Felipe Costa Martins 65,user65@email.com,123456
Gabriela Teixeira Silva 66,user66@email.com,123456
Henrique Barbosa Torres 67,user67@email.com,123456
Isabela Moreira Farias 68,user68@email.com,123456
Lucas Ribeiro Guedes 69,user69@email.com,123456
Ana Paula Souza 70,user70@email.com,123456
Bruno Henrique Lima 71,user71@email.com,123456
Carla Mendes Rocha 72,user72@email.com,123456
Daniel Ferreira Alves 73,user73@email.com,123456
Eduarda Pacheco Nunes 74,user74@email.com,123456
Felipe Costa Martins 75,user75@email.com,123456
Gabriela Teixeira Silva 76,user76@email.com,123456
Henrique Barbosa Torres 77,user77@email.com,123456
Isabela Moreira Farias 78,user78@email.com,123456
Lucas Ribeiro Guedes 79,user79@email.com,123456
Ana Paula Souza 80,user80@email.com,123456
Bruno Henrique Lima 81,user81@email.com,123456
Carla Mendes Rocha 82,user82@email.com,123456
Daniel Ferreira Alves 83,user83@email.com,123456
Eduarda Pacheco Nunes 84,user84@email.com,123456
Felipe Costa Martins 85,user85@email.com,123456
Gabriela Teixeira Silva 86,user86@email.com,123456
Henrique Barbosa Torres 87,user87@email.com,123456
Isabela Moreira Farias 88,user88@email.com,123456
Lucas Ribeiro Guedes 89,user89@email.com,123456
Ana Paula Souza 90,user90@email.com,123456
Bruno Henrique Lima 91,user91@email.com,123456
Carla Mendes Rocha 92,user92@email.com,123456
Daniel Ferreira Alves 93,user93@email.com,123456
Eduarda Pacheco Nunes 94,user94@email.com,123456
Felipe Costa Martins 95,user95@email.com,123456
Gabriela Teixeira Silva 96,user96@email.com,123456
Henrique Barbosa Torres 97,user97@email.com,123456
Isabela Moreira Farias 98,user98@email.com,123456
Lucas Ribeiro Guedes 99,user99@email.com,123456
Ana Paula Souza 100,user100@email.com,123456
